{"time": "2024_03_11-22_18_23", "parameters": 157283543, "trainable_parameters": 156200087, "settings": {"model_name": "hance_clap-sanity_test", "dataset_path": "datasets/soundly.csv", "dataset_drive": "D:/", "train_set_path": "datasets/soundly/soundly_train_set.csv", "dev_set_path": "datasets/soundly/soundly_dev_set.csv", "test_set_path": "datasets/soundly/soundly_test_set.csv", "transform_type": "MagnitudeSTFT", "audio_encoder_path": "model_weights/htsat/HTSAT_AudioSet_Saved_6.ckpt", "text_encoder_name": "roberta-base", "joint_embed_size": 512, "topology": "clap", "loss_type": "contrastive", "nt_xent_temperature": 0.2, "n_eval_batches": 10, "eval_print_interval": 50, "n_sanity_train_samples": 2000, "projection": "mlp", "beta": 0.5, "seed": 4045, "num_train_examples": -1, "batch_size": 64, "num_of_epochs": 50, "learning_rate": 0.0001, "sample_length_in_seconds": 5, "sample_rate": 8000, "frame_size": 1024, "n_fft": 400, "hop_length": 480, "num_of_bins": 64, "num_of_input_channels": 1, "num_of_output_channels": 1, "output_padding": 1, "activation_type": "elu", "final_activation_type": "sigmoid", "final_operator_type": "none"}, "epochs": {"1": {"elapsed_epoch_time": 3315.491616010666, "elapsed_training_time": 1816.042495250702, "elapsed_evaluation_time": 1499.449120759964, "loss": 12.334923893213272, "eval": 24.92437286376953}, "2": {"elapsed_epoch_time": 8069.601409435272, "elapsed_training_time": 6611.329246759415, "elapsed_evaluation_time": 1458.2721626758575, "loss": 12.329859793186188, "eval": 24.922659492492677}, "3": {"elapsed_epoch_time": 12777.50236749649, "elapsed_training_time": 11301.621279716492, "elapsed_evaluation_time": 1475.8810877799988, "loss": 12.329540014266968, "eval": 24.922533226013183}, "4": {"elapsed_epoch_time": 17497.21777510643, "elapsed_training_time": 16070.599645137787, "elapsed_evaluation_time": 1426.6181299686432, "loss": 12.329471975564957, "eval": 24.92211627960205}, "5": {"elapsed_epoch_time": 22162.319855213165, "elapsed_training_time": 20685.28869867325, "elapsed_evaluation_time": 1477.031156539917, "loss": 12.32945516705513, "eval": 24.921973037719727}, "6": {"elapsed_epoch_time": 26878.767225265503, "elapsed_training_time": 25497.071691274643, "elapsed_evaluation_time": 1381.69553399086, "loss": 12.329481571912766, "eval": 24.92195568084717}, "7": {"elapsed_epoch_time": 31518.101531744003, "elapsed_training_time": 30060.343584299088, "elapsed_evaluation_time": 1457.7579474449158, "loss": 12.32944804430008, "eval": 24.92184181213379}, "8": {"elapsed_epoch_time": 36220.68798208237, "elapsed_training_time": 34772.81563782692, "elapsed_evaluation_time": 1447.8723442554474, "loss": 12.329429626464844, "eval": 24.921842193603517}, "9": {"elapsed_epoch_time": 40917.960460186005, "elapsed_training_time": 39362.06388473511, "elapsed_evaluation_time": 1555.8965754508972, "loss": 12.329425185918808, "eval": 24.92181396484375}, "10": {"elapsed_epoch_time": 45877.6738948822, "elapsed_training_time": 44417.20257496834, "elapsed_evaluation_time": 1460.4713199138641, "loss": 12.329422920942307, "eval": 24.921821975708006}}}