{"time": "2024_03_15-23_20_35", "parameters": 157283543, "trainable_parameters": 156200087, "settings": {"model_name": "hance_clap-sanity_test-n_classes_2", "dataset_path": "datasets/soundly.csv", "dataset_drive": "D:/", "train_set_path": "datasets/soundly/soundly_train_set.csv", "dev_set_path": "datasets/soundly/soundly_dev_set.csv", "test_set_path": "datasets/soundly/soundly_test_set.csv", "transform_type": "MagnitudeSTFT", "audio_encoder_path": "model_weights/htsat/HTSAT_AudioSet_Saved_6.ckpt", "text_encoder_name": "roberta-base", "joint_embed_size": 512, "topology": "clap", "loss_type": "contrastive", "nt_xent_temperature": 0.2, "n_eval_batches": 5, "n_sanity_train_samples": 0, "classes_to_include": ["toys", "fire"], "classes_to_exclude": "none", "projection": "mlp", "beta": 0.5, "seed": 4045, "num_train_examples": -1, "batch_size": 64, "num_of_epochs": 50, "learning_rate": 0.0001, "sample_length_in_seconds": 5, "sample_rate": 8000, "frame_size": 1024, "n_fft": 400, "hop_length": 480, "num_of_bins": 64, "num_of_input_channels": 1, "num_of_output_channels": 1, "output_padding": 1, "activation_type": "relu"}, "epochs": {"1": {"elapsed_epoch_time": 502.29786491394043, "elapsed_training_time": 419.49002170562744, "elapsed_evaluation_time": 82.80784320831299, "loss": 6.606179909272627, "eval": 5.171536159515381}, "2": {"elapsed_epoch_time": 842.4871399402618, "elapsed_training_time": 768.8001480102539, "elapsed_evaluation_time": 73.68699193000793, "loss": 4.949579303914851, "eval": 4.606950283050537}, "3": {"elapsed_epoch_time": 1102.3734548091888, "elapsed_training_time": 1038.0720121860504, "elapsed_evaluation_time": 64.30144262313843, "loss": 4.74055861343037, "eval": 4.598505115509033}, "4": {"elapsed_epoch_time": 1342.7058951854706, "elapsed_training_time": 1279.001847743988, "elapsed_evaluation_time": 63.704047441482544, "loss": 4.644084659489718, "eval": 4.489485883712769}, "5": {"elapsed_epoch_time": 1579.6399092674255, "elapsed_training_time": 1515.269991159439, "elapsed_evaluation_time": 64.36991810798645, "loss": 4.557854923334989, "eval": 4.680403709411621}, "6": {"elapsed_epoch_time": 1805.9907653331757, "elapsed_training_time": 1741.0388054847717, "elapsed_evaluation_time": 64.95195984840393, "loss": 4.469455968249928, "eval": 4.307596445083618}, "7": {"elapsed_epoch_time": 2049.872236728668, "elapsed_training_time": 1990.959044456482, "elapsed_evaluation_time": 58.91319227218628, "loss": 4.319014592604204, "eval": 4.2627418518066404}, "8": {"elapsed_epoch_time": 2280.0484325885773, "elapsed_training_time": 2227.976779937744, "elapsed_evaluation_time": 52.07165265083313, "loss": 4.197200265797702, "eval": 4.150636768341064}, "9": {"elapsed_epoch_time": 2479.59766292572, "elapsed_training_time": 2423.070159435272, "elapsed_evaluation_time": 56.527503490448, "loss": 4.026178652589971, "eval": 4.048006010055542}, "10": {"elapsed_epoch_time": 2676.4221103191376, "elapsed_training_time": 2634.265079498291, "elapsed_evaluation_time": 42.15703082084656, "loss": 3.9295764836398037, "eval": 4.001553249359131}, "11": {"elapsed_epoch_time": 2859.4099855422974, "elapsed_training_time": 2820.1043543815613, "elapsed_evaluation_time": 39.305631160736084, "loss": 3.7670095292004673, "eval": 4.010560703277588}, "12": {"elapsed_epoch_time": 3018.522761821747, "elapsed_training_time": 2985.607144832611, "elapsed_evaluation_time": 32.91561698913574, "loss": 3.653477907180786, "eval": 3.7431821823120117}, "13": {"elapsed_epoch_time": 3170.3523778915405, "elapsed_training_time": 3150.334748029709, "elapsed_evaluation_time": 20.017629861831665, "loss": 3.528797994960438, "eval": 3.7959506034851076}, "14": {"elapsed_epoch_time": 3432.1866014003754, "elapsed_training_time": 3328.931528568268, "elapsed_evaluation_time": 103.25507283210754, "loss": 3.426330653103915, "eval": 3.598069667816162}, "15": {"elapsed_epoch_time": 3840.3366389274597, "elapsed_training_time": 3828.9823200702667, "elapsed_evaluation_time": 11.354318857192993, "loss": 3.2539057406512173, "eval": 3.600518751144409}, "16": {"elapsed_epoch_time": 4049.8450989723206, "elapsed_training_time": 3967.890486717224, "elapsed_evaluation_time": 81.95461225509644, "loss": 3.175733804702759, "eval": 3.448557662963867}, "17": {"elapsed_epoch_time": 4332.66676735878, "elapsed_training_time": 4322.26385307312, "elapsed_evaluation_time": 10.40291428565979, "loss": 3.126945441419428, "eval": 3.413389730453491}, "18": {"elapsed_epoch_time": 4430.745284795761, "elapsed_training_time": 4419.76683139801, "elapsed_evaluation_time": 10.978453397750854, "loss": 3.158430131998929, "eval": 3.412037181854248}, "19": {"elapsed_epoch_time": 4525.195245981216, "elapsed_training_time": 4515.3683869838715, "elapsed_evaluation_time": 9.82685899734497, "loss": 2.912335525859486, "eval": 3.3472192764282225}, "20": {"elapsed_epoch_time": 4631.222011804581, "elapsed_training_time": 4619.992083311081, "elapsed_evaluation_time": 11.229928493499756, "loss": 2.882768912748857, "eval": 3.262488269805908}, "21": {"elapsed_epoch_time": 4725.367127656937, "elapsed_training_time": 4714.596524953842, "elapsed_evaluation_time": 10.770602703094482, "loss": 2.7543525262312456, "eval": 3.198227787017822}, "22": {"elapsed_epoch_time": 4830.902472019196, "elapsed_training_time": 4820.272181749344, "elapsed_evaluation_time": 10.630290269851685, "loss": 2.677897133610465, "eval": 3.290750598907471}, "23": {"elapsed_epoch_time": 4935.252021312714, "elapsed_training_time": 4924.5884375572205, "elapsed_evaluation_time": 10.663583755493164, "loss": 2.7295331467281687, "eval": 3.1920886516571043}, "24": {"elapsed_epoch_time": 5031.694935560226, "elapsed_training_time": 5021.626048564911, "elapsed_evaluation_time": 10.068886995315552, "loss": 2.7094045714898543, "eval": 3.3928821086883545}, "25": {"elapsed_epoch_time": 5128.38568687439, "elapsed_training_time": 5116.743611097336, "elapsed_evaluation_time": 11.642075777053833, "loss": 2.619972971352664, "eval": 3.216640043258667}, "26": {"elapsed_epoch_time": 5240.104821920395, "elapsed_training_time": 5229.617125988007, "elapsed_evaluation_time": 10.487695932388306, "loss": 2.533950702710585, "eval": 3.1255456447601317}, "27": {"elapsed_epoch_time": 5336.73693561554, "elapsed_training_time": 5325.684135913849, "elapsed_evaluation_time": 11.052799701690674, "loss": 2.482122079892592, "eval": 3.1537501573562623}, "28": {"elapsed_epoch_time": 5455.789729595184, "elapsed_training_time": 5445.448928833008, "elapsed_evaluation_time": 10.340800762176514, "loss": 2.51113684610887, "eval": 3.0950600147247314}, "29": {"elapsed_epoch_time": 5554.786431312561, "elapsed_training_time": 5544.119736433029, "elapsed_evaluation_time": 10.66669487953186, "loss": 2.468988998369737, "eval": 3.1303760051727294}, "30": {"elapsed_epoch_time": 5661.712451219559, "elapsed_training_time": 5651.104849815369, "elapsed_evaluation_time": 10.607601404190063, "loss": 2.39953831650994, "eval": 3.086070680618286}, "31": {"elapsed_epoch_time": 5753.176843166351, "elapsed_training_time": 5741.938905000687, "elapsed_evaluation_time": 11.237938165664673, "loss": 2.4171324534849687, "eval": 3.070509195327759}, "32": {"elapsed_epoch_time": 5847.489675521851, "elapsed_training_time": 5836.3501126766205, "elapsed_evaluation_time": 11.139562845230103, "loss": 2.3270213224671106, "eval": 3.1596536159515383}, "33": {"elapsed_epoch_time": 5944.572068452835, "elapsed_training_time": 5933.137366771698, "elapsed_evaluation_time": 11.434701681137085, "loss": 2.302450629797849, "eval": 3.0183876276016237}, "34": {"elapsed_epoch_time": 6049.765435695648, "elapsed_training_time": 6038.965863704681, "elapsed_evaluation_time": 10.799571990966797, "loss": 2.2908794338052925, "eval": 3.141673135757446}, "35": {"elapsed_epoch_time": 6160.074704408646, "elapsed_training_time": 6148.966090679169, "elapsed_evaluation_time": 11.108613729476929, "loss": 2.242300645871596, "eval": 2.9931438684463503}, "36": {"elapsed_epoch_time": 6268.9910633563995,