{"time": "2024_03_14-15_01_36", "parameters": 157283543, "trainable_parameters": 156200087, "settings": {"model_name": "hance_clap-sanity_test-new_similarity_matrix", "dataset_path": "datasets/soundly.csv", "dataset_drive": "D:/", "train_set_path": "datasets/soundly/soundly_train_set.csv", "dev_set_path": "datasets/soundly/soundly_dev_set.csv", "test_set_path": "datasets/soundly/soundly_test_set.csv", "transform_type": "MagnitudeSTFT", "audio_encoder_path": "model_weights/htsat/HTSAT_AudioSet_Saved_6.ckpt", "text_encoder_name": "roberta-base", "joint_embed_size": 512, "topology": "clap", "loss_type": "contrastive", "nt_xent_temperature": 0.2, "n_eval_batches": 10, "eval_print_interval": 50, "n_sanity_train_samples": 2000, "projection": "mlp", "beta": 0.5, "seed": 4045, "num_train_examples": -1, "batch_size": 64, "num_of_epochs": 50, "learning_rate": 0.0001, "sample_length_in_seconds": 5, "sample_rate": 8000, "frame_size": 1024, "n_fft": 400, "hop_length": 480, "num_of_bins": 64, "num_of_input_channels": 1, "num_of_output_channels": 1, "output_padding": 1, "activation_type": "elu", "final_activation_type": "sigmoid", "final_operator_type": "none"}, "epochs": {"1": {"elapsed_epoch_time": 3151.574817419052, "elapsed_training_time": 1646.3345301151276, "elapsed_evaluation_time": 1505.2402873039246, "loss": 5.422010630369186, "eval": 4.5808368682861325}, "2": {"elapsed_epoch_time": 7801.686817407608, "elapsed_training_time": 6369.275393486023, "elapsed_evaluation_time": 1432.411423921585, "loss": 4.363650910556316, "eval": 4.360217475891114}, "3": {"elapsed_epoch_time": 12381.441854715347, "elapsed_training_time": 10922.837770223618, "elapsed_evaluation_time": 1458.6040844917297, "loss": 4.29395218193531, "eval": 4.349642610549926}, "4": {"elapsed_epoch_time": 17007.32974433899, "elapsed_training_time": 15596.207772016525, "elapsed_evaluation_time": 1411.121972322464, "loss": 4.296049490571022, "eval": 4.3471959114074705}, "5": {"elapsed_epoch_time": 21582.065502882004, "elapsed_training_time": 20127.507138490677, "elapsed_evaluation_time": 1454.558364391327, "loss": 4.287188842892647, "eval": 4.339913702011108}, "6": {"elapsed_epoch_time": 26521.54454088211, "elapsed_training_time": 25010.213696718216, "elapsed_evaluation_time": 1511.3308441638947, "loss": 4.287356823682785, "eval": 4.3351147174835205}, "7": {"elapsed_epoch_time": 31558.796853542328, "elapsed_training_time": 29986.084745645523, "elapsed_evaluation_time": 1572.7121078968048, "loss": 4.285763241350651, "eval": 4.334983253479004}, "8": {"elapsed_epoch_time": 36291.37027287483, "elapsed_training_time": 34868.86248230934, "elapsed_evaluation_time": 1422.5077905654907, "loss": 4.279562674462795, "eval": 4.327660608291626}, "9": {"elapsed_epoch_time": 40863.51711130142, "elapsed_training_time": 39352.44447398186, "elapsed_evaluation_time": 1511.0726373195648, "loss": 4.278148837387562, "eval": 4.3254681587219235}, "10": {"elapsed_epoch_time": 45521.06424450874, "elapsed_training_time": 44080.44733166695, "elapsed_evaluation_time": 1440.6169128417969, "loss": 4.277560815215111, "eval": 4.329202270507812}, "11": {"elapsed_epoch_time": 50107.21337509155, "elapsed_training_time": 48739.74419641495, "elapsed_evaluation_time": 1367.4691786766052, "loss": 4.2820044830441475, "eval": 4.325590419769287}, "12": {"elapsed_epoch_time": 54612.378257513046, "elapsed_training_time": 53226.20150899887, "elapsed_evaluation_time": 1386.1767485141754, "loss": 4.278363570570946, "eval": 4.32897424697876}, "13": {"elapsed_epoch_time": 59140.14829015732, "elapsed_training_time": 57741.80148386955, "elapsed_evaluation_time": 1398.3468062877655, "loss": 4.277264334261417, "eval": 4.329979991912841}, "14": {"elapsed_epoch_time": 63684.99721980095, "elapsed_training_time": 62221.42959189415, "elapsed_evaluation_time": 1463.5676279067993, "loss": 4.280010178685188, "eval": 4.328883123397827}, "15": {"elapsed_epoch_time": 68306.78785419464, "elapsed_training_time": 66823.6063568592, "elapsed_evaluation_time": 1483.181497335434, "loss": 4.277698777616024, "eval": 4.323772335052491}}}