{"time": "2024_03_19-02_16_36", "parameters": 157283543, "trainable_parameters": 156200087, "settings": {"model_name": "hance_clap-n_classes_2-water_doors-sr16Khz", "dataset_path": "datasets/soundly.csv", "dataset_drive": "D:/", "train_set_path": "datasets/soundly/soundly_train_set.csv", "dev_set_path": "datasets/soundly/soundly_dev_set.csv", "test_set_path": "datasets/soundly/soundly_test_set.csv", "transform_type": "MagnitudeSTFT", "audio_encoder_path": "model_weights/htsat/HTSAT_AudioSet_Saved_6.ckpt", "text_encoder_name": "roberta-base", "joint_embed_size": 512, "topology": "clap", "loss_type": "contrastive", "nt_xent_temperature": 0.2, "n_eval_batches": 5, "n_sanity_train_samples": 0, "classes_to_include": ["water", "doors"], "classes_to_exclude": "none", "projection": "mlp", "beta": 0.5, "seed": 4045, "num_train_examples": -1, "batch_size": 64, "num_of_epochs": 50, "learning_rate": 0.0001, "sample_length_in_seconds": 5, "sample_rate": 8000, "frame_size": 1024, "n_fft": 400, "hop_length": 480, "num_of_bins": 64, "num_of_input_channels": 1, "num_of_output_channels": 1, "output_padding": 1, "activation_type": "relu"}, "epochs": {"1": {"elapsed_epoch_time": 3089.061177253723, "elapsed_training_time": 2655.7796874046326, "elapsed_evaluation_time": 433.2814898490906, "loss": 5.82846730852884, "eval": 4.89605188369751}, "2": {"elapsed_epoch_time": 6602.51496887207, "elapsed_training_time": 6124.163561344147, "elapsed_evaluation_time": 478.3514075279236, "loss": 4.629964480324397, "eval": 4.52407283782959}, "3": {"elapsed_epoch_time": 10163.098001003265, "elapsed_training_time": 9735.524153470993, "elapsed_evaluation_time": 427.57384753227234, "loss": 4.397013210114979, "eval": 4.419151687622071}, "4": {"elapsed_epoch_time": 13688.839475154877, "elapsed_training_time": 13231.67150592804, "elapsed_evaluation_time": 457.16796922683716, "loss": 4.187408299673171, "eval": 4.347859954833984}, "5": {"elapsed_epoch_time": 17259.52976822853, "elapsed_training_time": 16744.40080022812, "elapsed_evaluation_time": 515.128968000412, "loss": 4.092033715475173, "eval": 4.365177059173584}, "6": {"elapsed_epoch_time": 20872.162539958954, "elapsed_training_time": 20417.72146463394, "elapsed_evaluation_time": 454.4410753250122, "loss": 3.966563862467569, "eval": 4.227806663513183}, "7": {"elapsed_epoch_time": 24433.24178671837, "elapsed_training_time": 23933.440653562546, "elapsed_evaluation_time": 499.80113315582275, "loss": 3.794741950337849, "eval": 3.8949161052703856}, "8": {"elapsed_epoch_time": 28054.17129635811, "elapsed_training_time": 27581.050316810608, "elapsed_evaluation_time": 473.1209795475006, "loss": 3.615126645754254, "eval": 3.889041233062744}, "9": {"elapsed_epoch_time": 32211.21844291687, "elapsed_training_time": 31803.3293132782, "elapsed_evaluation_time": 407.8891296386719, "loss": 3.5185652138694885, "eval": 3.713483190536499}, "10": {"elapsed_epoch_time": 35754.62297344208, "elapsed_training_time": 35313.45591545105, "elapsed_evaluation_time": 441.16705799102783, "loss": 3.3751220570670233, "eval": 3.694279193878174}, "11": {"elapsed_epoch_time": 39323.434802532196, "elapsed_training_time": 38868.07540130615, "elapsed_evaluation_time": 455.3594012260437, "loss": 3.2604075159345354, "eval": 3.7726829051971436}, "12": {"elapsed_epoch_time": 43028.37324118614, "elapsed_training_time": 42553.81595993042, "elapsed_evaluation_time": 474.55728125572205, "loss": 3.10626491951564, "eval": 3.66726336479187}, "13": {"elapsed_epoch_time": 46691.425708293915, "elapsed_training_time": 46228.89702153206, "elapsed_evaluation_time": 462.5286867618561, "loss": 2.9783352348539562, "eval": 3.573199510574341}, "14": {"elapsed_epoch_time": 50400.69890475273, "elapsed_training_time": 49914.9191596508, "elapsed_evaluation_time": 485.7797451019287, "loss": 2.9052683020394947, "eval": 3.475516843795776}, "15": {"elapsed_epoch_time": 54037.88966393471, "elapsed_training_time": 53590.626646995544, "elapsed_evaluation_time": 447.2630169391632, "loss": 2.847766938663664, "eval": 3.3603338241577148}, "16": {"elapsed_epoch_time": 57621.640557050705, "elapsed_training_time": 57161.02795958519, "elapsed_evaluation_time": 460.61259746551514, "loss": 2.7454399338790347, "eval": 3.3877197742462157}, "17": {"elapsed_epoch_time": 61235.9282886982, "elapsed_training_time": 60767.12359762192, "elapsed_evaluation_time": 468.8046910762787, "loss": 2.7042876444165667, "eval": 3.3506900310516357}, "18": {"elapsed_epoch_time": 64868.4683971405, "elapsed_training_time": 64398.43547821045, "elapsed_evaluation_time": 470.0329189300537, "loss": 2.6487272088489835, "eval": 3.2312309741973877}, "19": {"elapsed_epoch_time": 68520.9997189045, "elapsed_training_time": 67991.57711720467, "elapsed_evaluation_time": 529.4226016998291, "loss": 2.565291356472742, "eval": 3.181120443344116}, "20": {"elapsed_epoch_time": 73381.39247345924, "elapsed_training_time": 72886.2824203968, "elapsed_evaluation_time": 495.11005306243896, "loss": 2.477974462130713, "eval": 3.08746976852417}, "21": {"elapsed_epoch_time": 77899.37461972237, "elapsed_training_time": 77413.28909754753, "elapsed_evaluation_time": 486.0855221748352, "loss": 2.412410885568649, "eval": 3.078382873535156}, "22": {"elapsed_epoch_time": 81623.30675935745, "elapsed_training_time": 81125.40436530113, "elapsed_evaluation_time": 497.9023940563202, "loss": 2.3602771645500544, "eval": 3.16310453414917}, "23": {"elapsed_epoch_time": 85259.39316439629, "elapsed_training_time": 84773.96253371239, "elapsed_evaluation_time": 485.4306306838989, "loss": 2.3305729570842924, "eval": 3.0629720211029055}, "24": {"elapsed_epoch_time": 88891.27499961853, "elapsed_training_time": 88473.93071961403, "elapsed_evaluation_time": 417.34428000450134, "loss": 2.2994122580876426, "eval": 3.15742769241333}, "25": {"elapsed_epoch_time": 92450.5402610302, "elapsed_training_time": 91975.99037909508, "elapsed_evaluation_time": 474.54988193511963, "loss": 2.2116195923752255, "eval": 3.096025896072388}, "26": {"elapsed_epoch_time": 96058.01227045059, "elapsed_training_time": 95581.66348147392, "elapsed_evaluation_time": 476.3487889766693, "loss": 2.1521770424313016, "eval": 2.999586343765259}, "27": {"elapsed_epoch_time": 99665.16413474083, "elapsed_training_time": 99245.56533050537, "elapsed_evaluation_time": 419.5988042354584, "loss": 2.1949632290809875, "eval": 3.1366286754608153}, "28": {"elapsed_epoch_time": 103217.85919737816, "elapsed_training_time": 102732.88579058647, "elapsed_evaluation_time": 484.973406791687, "loss": 2.1319822394658647, "eval": 2.8737180709838865}, "29": {"elapsed_epoch_time": 106851.79263806343, "elapsed_training_time": 106367.14434742928, "elapsed_evaluation_time": 484.6482906341553, "loss": 2.071466516880762, "eval": 2.9124686241149904}, "30": {"elapsed_epoch_time": 110471.31932020187, "elapsed_training_time": 109972.31270289421, "elapsed_evaluation_time": 499.00661730766296, "loss": 2.043795983942728, "eval": 3.023493766784668}, "31": {"elapsed_epoch_time": 114109.641974926, "elapsed_training_time": 113612.97805333138, "elapsed_evaluation_time": 496.66392159461975, "loss": 1.9929146918039473, "eval": 2.9866915225982664}, "32": {"elapsed_epoch_time": 117663.94707155228, "elapsed_training_time": 117232.20402932167, "elapsed_evaluation_time": 431.7430422306061, "loss": 1.9812739051523662, "eval": 2.971977186203003}, "33": {"elapsed_epoch_time": 121068.08137869835, "elapsed_training_time": 120663.40555381775, "elapsed_evaluation_time": 404.6758248806, "loss": 1.9776366740938216, "eval": 2.912452983856201}, "34": {"elapsed_epoch_time": 124546.23500943184, "elapsed_training_time": 124084.1386795044, "elapsed_evaluation_time": 462.09632992744446, "loss": 1.9597737552627685, "eval": 2.887795877456665}, "35": {"elapsed_epoch_time": 127887.25397610664, "elapsed_training_time": 127462.25984168053, "elapsed_evaluation_time": 424.99413442611694, "loss": 1.9356318920377702, "eval": 2.8533785343170166}, "36": {"elapsed_epoch_time": 131195.30683517456,