{"time": "2024_03_16-08_53_55", "parameters": 157283543, "trainable_parameters": 156200087, "settings": {"model_name": "hance_clap-n_classes_2-sr16Khz", "dataset_path": "datasets/soundly.csv", "dataset_drive": "D:/", "train_set_path": "datasets/soundly/soundly_train_set.csv", "dev_set_path": "datasets/soundly/soundly_dev_set.csv", "test_set_path": "datasets/soundly/soundly_test_set.csv", "transform_type": "MagnitudeSTFT", "audio_encoder_path": "model_weights/htsat/HTSAT_AudioSet_Saved_6.ckpt", "text_encoder_name": "roberta-base", "joint_embed_size": 512, "topology": "clap", "loss_type": "contrastive", "nt_xent_temperature": 0.2, "n_eval_batches": 5, "n_sanity_train_samples": 0, "classes_to_include": ["toys", "fire"], "classes_to_exclude": "none", "projection": "mlp", "beta": 0.5, "seed": 4045, "num_train_examples": -1, "batch_size": 64, "num_of_epochs": 50, "learning_rate": 0.0001, "sample_length_in_seconds": 5, "sample_rate": 16000, "frame_size": 1024, "n_fft": 400, "hop_length": 480, "num_of_bins": 64, "num_of_input_channels": 1, "num_of_output_channels": 1, "output_padding": 1, "activation_type": "relu"}, "epochs": {"1": {"elapsed_epoch_time": 651.0404880046844, "elapsed_training_time": 567.5492644309998, "elapsed_evaluation_time": 83.49122357368469, "loss": 6.5628485246138135, "eval": 5.072399425506592}, "2": {"elapsed_epoch_time": 935.8323996067047, "elapsed_training_time": 869.5877029895782, "elapsed_evaluation_time": 66.24469661712646, "loss": 4.93547750603069, "eval": 4.565957021713257}, "3": {"elapsed_epoch_time": 1181.7426781654358, "elapsed_training_time": 1117.9042384624481, "elapsed_evaluation_time": 63.83843970298767, "loss": 4.687486746094444, "eval": 4.521906423568725}, "4": {"elapsed_epoch_time": 1400.7085464000702, "elapsed_training_time": 1347.0909204483032, "elapsed_evaluation_time": 53.61762595176697, "loss": 4.559384963729165, "eval": 4.369214296340942}, "5": {"elapsed_epoch_time": 1610.0132489204407, "elapsed_training_time": 1545.5108377933502, "elapsed_evaluation_time": 64.50241112709045, "loss": 4.5216710350730205, "eval": 4.4645881175994875}, "6": {"elapsed_epoch_time": 1848.7557406425476, "elapsed_training_time": 1783.53857421875, "elapsed_evaluation_time": 65.21716642379761, "loss": 4.346479361707514, "eval": 4.129445886611938}, "7": {"elapsed_epoch_time": 2088.1997661590576, "elapsed_training_time": 2027.8602874279022, "elapsed_evaluation_time": 60.339478731155396, "loss": 4.126242225820368, "eval": 4.084201192855835}, "8": {"elapsed_epoch_time": 2318.7969105243683, "elapsed_training_time": 2255.3279547691345, "elapsed_evaluation_time": 63.468955755233765, "loss": 3.945203802802346, "eval": 4.093016290664673}, "9": {"elapsed_epoch_time": 2563.3158388137817, "elapsed_training_time": 2499.04496049881, "elapsed_evaluation_time": 64.27087831497192, "loss": 3.7711677334525366, "eval": 3.8913058280944823}, "10": {"elapsed_epoch_time": 2806.5720720291138, "elapsed_training_time": 2746.057190179825, "elapsed_evaluation_time": 60.51488184928894, "loss": 3.640297629616477, "eval": 3.702534294128418}, "11": {"elapsed_epoch_time": 3051.7582132816315, "elapsed_training_time": 2994.1643714904785, "elapsed_evaluation_time": 57.593841791152954, "loss": 3.4765728170221504, "eval": 3.87361216545105}, "12": {"elapsed_epoch_time": 3284.408247232437, "elapsed_training_time": 3217.7524383068085, "elapsed_evaluation_time": 66.65580892562866, "loss": 3.3871433518149634, "eval": 3.694013786315918}, "13": {"elapsed_epoch_time": 3564.6255214214325, "elapsed_training_time": 3498.264664888382, "elapsed_evaluation_time": 66.36085653305054, "loss": 3.216174851764332, "eval": 3.7019001960754396}, "14": {"elapsed_epoch_time": 3809.183012485504, "elapsed_training_time": 3746.1742787361145, "elapsed_evaluation_time": 63.00873374938965, "loss": 3.127955057404258, "eval": 3.531875991821289}, "15": {"elapsed_epoch_time": 4039.7131671905518, "elapsed_training_time": 3973.1205246448517, "elapsed_evaluation_time": 66.59264254570007, "loss": 3.030735655264421, "eval": 3.598063516616821}, "16": {"elapsed_epoch_time": 4304.365404367447, "elapsed_training_time": 4235.922602176666, "elapsed_evaluation_time": 68.44280219078064, "loss": 3.01058569279584, "eval": 3.438860464096069}, "17": {"elapsed_epoch_time": 4583.694291114807, "elapsed_training_time": 4516.449545145035, "elapsed_evaluation_time": 67.24474596977234, "loss": 2.9589005383578213, "eval": 3.5037153005599975}, "18": {"elapsed_epoch_time": 4854.584572315216, "elapsed_training_time": 4791.544434785843, "elapsed_evaluation_time": 63.04013752937317, "loss": 2.9668327515775506, "eval": 3.5087132453918457}, "19": {"elapsed_epoch_time": 5106.097939252853, "elapsed_training_time": 5048.837814331055, "elapsed_evaluation_time": 57.260124921798706, "loss": 2.716731765053489, "eval": 3.37585654258728}, "20": {"elapsed_epoch_time": 5339.4183621406555, "elapsed_training_time": 5275.536640405655, "elapsed_evaluation_time": 63.88172173500061, "loss": 2.677494152025743, "eval": 3.2191086292266844}, "21": {"elapsed_epoch_time": 5581.589970111847, "elapsed_training_time": 5521.216027498245, "elapsed_evaluation_time": 60.373942613601685, "loss": 2.534530081532218, "eval": 3.2413487434387207}, "22": {"elapsed_epoch_time": 5830.906996250153, "elapsed_training_time": 5760.662451505661, "elapsed_evaluation_time": 70.24454474449158, "loss": 2.475776493549347, "eval": 3.1846423149108887}, "23": {"elapsed_epoch_time": 6089.984107971191, "elapsed_training_time": 6026.729909420013, "elapsed_evaluation_time": 63.25419855117798, "loss": 2.454395055770874, "eval": 3.1470617294311523}, "24": {"elapsed_epoch_time": 6331.520989894867, "elapsed_training_time": 6274.88157582283, "elapsed_evaluation_time": 56.63941407203674, "loss": 2.5093789913437585, "eval": 3.179034948348999}, "25": {"elapsed_epoch_time": 6563.461537837982, "elapsed_training_time": 6495.193813323975, "elapsed_evaluation_time": 68.26772451400757, "loss": 2.3825107975439592, "eval": 3.3235890865325928}, "26": {"elapsed_epoch_time": 6820.2903888225555, "elapsed_training_time": 6761.762286901474, "elapsed_evaluation_time": 58.52810192108154, "loss": 2.331969439983368, "eval": 3.044899654388428}, "27": {"elapsed_epoch_time": 7068.285777807236, "elapsed_training_time": 7011.046245098114, "elapsed_evaluation_time": 57.239532709121704, "loss": 2.2597804882309656, "eval": 2.9649477005004883}, "28": {"elapsed_epoch_time": 7319.047632932663, "elapsed_training_time": 7239.413691043854, "elapsed_evaluation_time": 79.6339418888092, "loss": 2.2885467897761953, "eval": 3.1336130142211913}, "29": {"elapsed_epoch_time": 7584.119448184967, "elapsed_training_time": 7514.258193969727, "elapsed_evaluation_time": 69.86125421524048, "loss": 2.2166761593385176, "eval": 2.9613566398620605}, "30": {"elapsed_epoch_time": 7846.0003345012665, "elapsed_training_time": 7776.091560602188, "elapsed_evaluation_time": 69.90877389907837, "loss": 2.165354972535914, "eval": 2.987527012825012}, "31": {"elapsed_epoch_time": 8114.05802822113, "elapsed_training_time": 8046.659819364548, "elapsed_evaluation_time": 67.39820885658264, "loss": 2.1876694560050964, "eval": 3.01180260181427}, "32": {"elapsed_epoch_time": 8380.07529091835, "elapsed_training_time": 8310.479307174683, "elapsed_evaluation_time": 69.5959837436676, "loss": 2.091421587900682, "eval": 3.1132089138031005}, "33": {"elapsed_epoch_time": 8644.38313293457, "elapsed_training_time": 8586.550073862076, "elapsed_evaluation_time": 57.83305907249451, "loss": 2.1020421006462793, "eval": 2.9786826848983763}, "34": {"elapsed_epoch_time": 8879.912423849106, "elapsed_training_time": 8813.853637456894, "elapsed_evaluation_time": 66.05878639221191, "loss": 2.0764258720658044, "eval": 3.0698707580566404}, "35": {"elapsed_epoch_time": 9134.409640789032, "elapsed_training_time": 9078.336960792542, "elapsed_evaluation_time": 56.07267999649048, "loss": 2.047825260595842, "eval": 2.8953154563903807}, "36": {"elapsed_epoch_time": 9359.89764213562,