{"time": "2024_03_01-10_02_09", "parameters": 157283543, "trainable_parameters": 156200087, "settings": {"model_name": "hance_clap-no_eval", "dataset_path": "E:/datasets/soundly.csv", "train_set_path": "E:/datasets/soundly/soundly_train_set.csv", "dev_set_path": "E:/datasets/soundly/soundly_dev_set.csv", "test_set_path": "E:/datasets/soundly/soundly_test_set.csv", "transform_type": "MagnitudeSTFT", "audio_encoder_path": "model_weights/htsat/HTSAT_AudioSet_Saved_6.ckpt", "text_encoder_name": "roberta-base", "joint_embed_size": 512, "topology": "clap", "loss_type": "contrastive", "projection": "mlp", "beta": 0.5, "seed": 1234, "num_train_examples": -1, "batch_size": 8, "num_of_epochs": 400, "learning_rate": 1e-05, "sample_length_in_seconds": 5, "sample_rate": 16000, "frame_size": 1024, "n_fft": 400, "hop_length": 480, "num_of_bins": 64, "num_of_input_channels": 1, "num_of_output_channels": 1, "output_padding": 1, "activation_type": "elu", "final_activation_type": "sigmoid", "final_operator_type": "none"}, "epochs": {"1": {"elapsed_time": 4.710893154144287, "loss": 6.675560474395752, "eval": -1}, "2": {"elapsed_time": 5.838243722915649, "loss": 6.43670129776001, "eval": -1}, "3": {"elapsed_time": 6.718156576156616, "loss": 6.3584442138671875, "eval": -1}, "4": {"elapsed_time": 7.567856311798096, "loss": 6.3580522537231445, "eval": -1}, "5": {"elapsed_time": 8.420976638793945, "loss": 6.338405609130859, "eval": -1}, "6": {"elapsed_time": 9.264388799667358, "loss": 6.281193733215332, "eval": -1}, "7": {"elapsed_time": 10.108592748641968, "loss": 6.236401557922363, "eval": -1}, "8": {"elapsed_time": 11.338789224624634, "loss": 6.242087364196777, "eval": -1}, "9": {"elapsed_time": 12.377525568008423, "loss": 6.262781143188477, "eval": -1}, "10": {"elapsed_time": 13.218056678771973, "loss": 6.207582473754883, "eval": -1}, "11": {"elapsed_time": 14.459692239761353, "loss": 6.2157158851623535, "eval": -1}, "12": {"elapsed_time": 15.29899001121521, "loss": 6.210380554199219, "eval": -1}, "13": {"elapsed_time": 16.15877652168274, "loss": 6.1824493408203125, "eval": -1}, "14": {"elapsed_time": 17.10184931755066, "loss": 6.17189359664917, "eval": -1}, "15": {"elapsed_time": 18.299134492874146, "loss": 6.20632266998291, "eval": -1}, "16": {"elapsed_time": 19.2587890625, "loss": 6.198892593383789, "eval": -1}, "17": {"elapsed_time": 20.111955881118774, "loss": 6.215689659118652, "eval": -1}, "18": {"elapsed_time": 21.0750892162323, "loss": 6.228419303894043, "eval": -1}, "19": {"elapsed_time": 22.121975660324097, "loss": 6.202157974243164, "eval": -1}, "20": {"elapsed_time": 22.97409200668335, "loss": 6.180031776428223, "eval": -1}, "21": {"elapsed_time": 69.27601504325867, "loss": 6.173100471496582, "eval": -1}, "22": {"elapsed_time": 70.16352081298828, "loss": 6.176771640777588, "eval": -1}, "23": {"elapsed_time": 71.27046608924866, "loss": 6.189199447631836, "eval": -1}, "24": {"elapsed_time": 72.19670104980469, "loss": 6.169848918914795, "eval": -1}}}