{"time": "2024_03_17-04_16_27", "parameters": 157283543, "trainable_parameters": 156200087, "settings": {"model_name": "hance_clap-n_classes_2-water_doors-sr8Khz", "dataset_path": "datasets/soundly.csv", "dataset_drive": "D:/", "train_set_path": "datasets/soundly/soundly_train_set.csv", "dev_set_path": "datasets/soundly/soundly_dev_set.csv", "test_set_path": "datasets/soundly/soundly_test_set.csv", "transform_type": "MagnitudeSTFT", "audio_encoder_path": "model_weights/htsat/HTSAT_AudioSet_Saved_6.ckpt", "text_encoder_name": "roberta-base", "joint_embed_size": 512, "topology": "clap", "loss_type": "contrastive", "nt_xent_temperature": 0.2, "n_eval_batches": 5, "n_sanity_train_samples": 0, "classes_to_include": ["water", "doors"], "classes_to_exclude": "none", "projection": "mlp", "beta": 0.5, "seed": 4045, "num_train_examples": -1, "batch_size": 64, "num_of_epochs": 50, "learning_rate": 0.0001, "sample_length_in_seconds": 5, "sample_rate": 8000, "frame_size": 1024, "n_fft": 400, "hop_length": 480, "num_of_bins": 64, "num_of_input_channels": 1, "num_of_output_channels": 1, "output_padding": 1, "activation_type": "relu"}, "epochs": {"1": {"elapsed_epoch_time": 2819.6446573734283, "elapsed_training_time": 2426.2703256607056, "elapsed_evaluation_time": 393.3743317127228, "loss": 3.662014425746978, "eval": 3.877080965042114}, "2": {"elapsed_epoch_time": 6017.930480957031, "elapsed_training_time": 5580.903073310852, "elapsed_evaluation_time": 437.0274076461792, "loss": 3.5662869839441207, "eval": 3.9904704093933105}, "3": {"elapsed_epoch_time": 9258.526239395142, "elapsed_training_time": 8864.644833564758, "elapsed_evaluation_time": 393.8814058303833, "loss": 3.4760310063286433, "eval": 3.9086963653564455}, "4": {"elapsed_epoch_time": 12455.749097824097, "elapsed_training_time": 12040.76915383339, "elapsed_evaluation_time": 414.9799439907074, "loss": 3.409084130847265, "eval": 4.159859895706177}, "5": {"elapsed_epoch_time": 15683.71225810051, "elapsed_training_time": 15225.300239562988, "elapsed_evaluation_time": 458.41201853752136, "loss": 3.38478338150751, "eval": 3.993755340576172}, "6": {"elapsed_epoch_time": 18942.874363183975, "elapsed_training_time": 18536.837363243103, "elapsed_evaluation_time": 406.0369999408722, "loss": 3.27751946827722, "eval": 3.907969331741333}, "7": {"elapsed_epoch_time": 22149.764278888702, "elapsed_training_time": 21703.07325387001, "elapsed_evaluation_time": 446.691025018692, "loss": 3.277464227070884, "eval": 3.588923978805542}, "8": {"elapsed_epoch_time": 25434.590761899948, "elapsed_training_time": 25005.660561323166, "elapsed_evaluation_time": 428.9302005767822, "loss": 3.1496934039252147, "eval": 3.606611728668213}, "9": {"elapsed_epoch_time": 28678.18359017372, "elapsed_training_time": 28277.25392794609, "elapsed_evaluation_time": 400.9296622276306, "loss": 3.033070549132332, "eval": 3.4493040084838866}, "10": {"elapsed_epoch_time": 31889.521436929703, "elapsed_training_time": 31478.34879231453, "elapsed_evaluation_time": 411.17264461517334, "loss": 2.964846925129966, "eval": 3.3955507278442383}, "11": {"elapsed_epoch_time": 35106.4644215107, "elapsed_training_time": 34696.06172323227, "elapsed_evaluation_time": 410.4026982784271, "loss": 2.856507024121663, "eval": 3.454570198059082}, "12": {"elapsed_epoch_time": 38316.524736881256, "elapsed_training_time": 37891.01648378372, "elapsed_evaluation_time": 425.5082530975342, "loss": 2.742193409374782, "eval": 3.4715726375579834}, "13": {"elapsed_epoch_time": 41569.465473651886, "elapsed_training_time": 41156.26026368141, "elapsed_evaluation_time": 413.20520997047424, "loss": 2.66067578962871, "eval": 3.296157693862915}, "14": {"elapsed_epoch_time": 44814.410218954086, "elapsed_training_time": 44375.08510494232, "elapsed_evaluation_time": 439.3251140117645, "loss": 2.597694883270869, "eval": 3.1938106536865236}, "15": {"elapsed_epoch_time": 48052.234310626984, "elapsed_training_time": 47644.126029253006, "elapsed_evaluation_time": 408.10828137397766, "loss": 2.5507667055205694, "eval": 3.2304952144622803}, "16": {"elapsed_epoch_time": 51337.8781747818, "elapsed_training_time": 50916.9124455452, "elapsed_evaluation_time": 420.9657292366028, "loss": 2.4616215203016525, "eval": 3.2723751068115234}, "17": {"elapsed_epoch_time": 54604.747327804565, "elapsed_training_time": 54176.68922972679, "elapsed_evaluation_time": 428.05809807777405, "loss": 2.453067813600813, "eval": 3.1460988521575928}, "18": {"elapsed_epoch_time": 57996.87289786339, "elapsed_training_time": 57584.54460525513, "elapsed_evaluation_time": 412.3282926082611, "loss": 2.433663004920596, "eval": 3.081613636016846}, "19": {"elapsed_epoch_time": 61249.270570755005, "elapsed_training_time": 60784.58331346512, "elapsed_evaluation_time": 464.6872572898865, "loss": 2.3455805437905446, "eval": 3.1038645267486573}, "20": {"elapsed_epoch_time": 64506.85672235489, "elapsed_training_time": 64070.20213842392, "elapsed_evaluation_time": 436.65458393096924, "loss": 2.278620151300279, "eval": 3.042923355102539}, "21": {"elapsed_epoch_time": 67744.98699116707, "elapsed_training_time": 67334.28275108337, "elapsed_evaluation_time": 410.70424008369446, "loss": 2.221127396538144, "eval": 3.0057454109191895}, "22": {"elapsed_epoch_time": 70945.409512043, "elapsed_training_time": 70504.01016116142, "elapsed_evaluation_time": 441.39935088157654, "loss": 2.18259203528601, "eval": 3.0912681102752684}, "23": {"elapsed_epoch_time": 74179.26159358025, "elapsed_training_time": 73748.84547305107, "elapsed_evaluation_time": 430.4161205291748, "loss": 2.1746994256973267, "eval": 3.0060706615447996}, "24": {"elapsed_epoch_time": 77384.91848063469, "elapsed_training_time": 77034.10950255394, "elapsed_evaluation_time": 350.8089780807495, "loss": 2.1578616490439764, "eval": 3.099321699142456}, "25": {"elapsed_epoch_time": 80498.52674269676, "elapsed_training_time": 80087.15106415749, "elapsed_evaluation_time": 411.3756785392761, "loss": 2.0916046845534493, "eval": 3.0314803600311278}, "26": {"elapsed_epoch_time": 83661.73587632179, "elapsed_training_time": 83246.62116193771, "elapsed_evaluation_time": 415.114714384079, "loss": 2.0253049977242, "eval": 2.8912864208221434}, "27": {"elapsed_epoch_time": 86830.99124026299, "elapsed_training_time": 86455.90017008781, "elapsed_evaluation_time": 375.0910701751709, "loss": 2.0509218403271268, "eval": 3.038032341003418}, "28": {"elapsed_epoch_time": 89959.05432486534, "elapsed_training_time": 89541.87639427185, "elapsed_evaluation_time": 417.1779305934906, "loss": 2.008246469592291, "eval": 2.8229912757873534}, "29": {"elapsed_epoch_time": 93133.24860978127, "elapsed_training_time": 92714.22597694397, "elapsed_evaluation_time": 419.02263283729553, "loss": 1.9547107484605577, "eval": 2.8512253284454347}, "30": {"elapsed_epoch_time": 96300.78045654297, "elapsed_training_time": 95862.41591787338, "elapsed_evaluation_time": 438.3645386695862, "loss": 1.9280770354800754, "eval": 2.97438497543335}, "31": {"elapsed_epoch_time": 99478.95670080185, "elapsed_training_time": 99070.31514120102, "elapsed_evaluation_time": 408.6415596008301, "loss": 1.8917789542012744, "eval": 2.9345047950744627}, "32": {"elapsed_epoch_time": 102640.61044669151, "elapsed_training_time": 102224.30360198021, "elapsed_evaluation_time": 416.3068447113037, "loss": 1.8824899324348994, "eval": 2.8630425930023193}, "33": {"elapsed_epoch_time": 105808.23824357986, "elapsed_training_time": 105413.96914029121, "elapsed_evaluation_time": 394.2691032886505, "loss": 1.879790838985216, "eval": 2.858655071258545}, "34": {"elapsed_epoch_time": 109733.58751964569, "elapsed_training_time": 109254.82193136215, "elapsed_evaluation_time": 478.7655882835388, "loss": 1.8765853189286732, "eval": 2.8586360931396486}, "35": {"elapsed_epoch_time": 113028.5975241661, "elapsed_training_time": 112611.10048365593, "elapsed_evaluation_time": 417.4970405101776, "loss": 1.8430083166985285, "eval": 2.7844822883605955}, "36": {"elapsed_epoch_time": 116295.01362729073,