{"time": "2024_03_16-13_25_45", "parameters": 157283543, "trainable_parameters": 156200087, "settings": {"model_name": "hance_clap-n_classes_2-water_doors-sr8Khz", "dataset_path": "datasets/soundly.csv", "dataset_drive": "D:/", "train_set_path": "datasets/soundly/soundly_train_set.csv", "dev_set_path": "datasets/soundly/soundly_dev_set.csv", "test_set_path": "datasets/soundly/soundly_test_set.csv", "transform_type": "MagnitudeSTFT", "audio_encoder_path": "model_weights/htsat/HTSAT_AudioSet_Saved_6.ckpt", "text_encoder_name": "roberta-base", "joint_embed_size": 512, "topology": "clap", "loss_type": "contrastive", "nt_xent_temperature": 0.2, "n_eval_batches": 5, "n_sanity_train_samples": 0, "classes_to_include": ["water", "doors"], "classes_to_exclude": "none", "projection": "mlp", "beta": 0.5, "seed": 4045, "num_train_examples": -1, "batch_size": 64, "num_of_epochs": 50, "learning_rate": 0.0001, "sample_length_in_seconds": 5, "sample_rate": 8000, "frame_size": 1024, "n_fft": 400, "hop_length": 480, "num_of_bins": 64, "num_of_input_channels": 1, "num_of_output_channels": 1, "output_padding": 1, "activation_type": "relu"}, "epochs": {"1": {"elapsed_epoch_time": 3425.595950126648, "elapsed_training_time": 3025.3258464336395, "elapsed_evaluation_time": 400.2701036930084, "loss": 5.82846730852884, "eval": 4.8960517883300785}, "2": {"elapsed_epoch_time": 6649.11923956871, "elapsed_training_time": 6210.3325300216675, "elapsed_evaluation_time": 438.78670954704285, "loss": 4.6299665087745305, "eval": 4.524066734313965}, "3": {"elapsed_epoch_time": 9907.461306810379, "elapsed_training_time": 9516.727464675903, "elapsed_evaluation_time": 390.7338421344757, "loss": 4.397114227688502, "eval": 4.418440341949463}, "4": {"elapsed_epoch_time": 13113.068906068802, "elapsed_training_time": 12698.506798744202, "elapsed_evaluation_time": 414.5621073246002, "loss": 4.1811253305465454, "eval": 4.323921203613281}, "5": {"elapsed_epoch_time": 16346.653405189514, "elapsed_training_time": 15883.30441236496, "elapsed_evaluation_time": 463.34899282455444, "loss": 4.08649522539169, "eval": 4.321008014678955}, "6": {"elapsed_epoch_time": 19657.38153576851, "elapsed_training_time": 19237.94636130333, "elapsed_evaluation_time": 419.43517446517944, "loss": 3.968021445804172, "eval": 4.160356521606445}}}