{"time": "2024_03_13-13_07_44", "parameters": 157283543, "trainable_parameters": 156200087, "settings": {"model_name": "hance_clap-sanity_test", "dataset_path": "datasets/soundly.csv", "dataset_drive": "D:/", "train_set_path": "datasets/soundly/soundly_train_set.csv", "dev_set_path": "datasets/soundly/soundly_dev_set.csv", "test_set_path": "datasets/soundly/soundly_test_set.csv", "transform_type": "MagnitudeSTFT", "audio_encoder_path": "model_weights/htsat/HTSAT_AudioSet_Saved_6.ckpt", "text_encoder_name": "roberta-base", "joint_embed_size": 512, "topology": "clap", "loss_type": "contrastive", "nt_xent_temperature": 0.2, "n_eval_batches": 10, "eval_print_interval": 50, "n_sanity_train_samples": 2000, "projection": "mlp", "beta": 0.5, "seed": 4045, "num_train_examples": -1, "batch_size": 64, "num_of_epochs": 50, "learning_rate": 0.0001, "sample_length_in_seconds": 5, "sample_rate": 8000, "frame_size": 1024, "n_fft": 400, "hop_length": 480, "num_of_bins": 64, "num_of_input_channels": 1, "num_of_output_channels": 1, "output_padding": 1, "activation_type": "elu", "final_activation_type": "sigmoid", "final_operator_type": "none"}, "epochs": {"1": {"elapsed_epoch_time": 3262.6214656829834, "elapsed_training_time": 1602.8487989902496, "elapsed_evaluation_time": 1659.7726666927338, "loss": 5.966439321637154, "eval": 5.918742752075195}, "2": {"elapsed_epoch_time": 8226.357528448105, "elapsed_training_time": 6636.635933876038, "elapsed_evaluation_time": 1589.7215945720673, "loss": 5.97462585568428, "eval": 5.924887990951538}, "3": {"elapsed_epoch_time": 13117.323302030563, "elapsed_training_time": 11504.766872167587, "elapsed_evaluation_time": 1612.556429862976, "loss": 5.968782499432564, "eval": 5.9258533954620365}, "4": {"elapsed_epoch_time": 18021.280379772186, "elapsed_training_time": 16445.250131607056, "elapsed_evaluation_time": 1576.0302481651306, "loss": 5.97661329805851, "eval": 5.932963514328003}, "5": {"elapsed_epoch_time": 22889.406846761703, "elapsed_training_time": 21264.426204919815, "elapsed_evaluation_time": 1624.9806418418884, "loss": 5.969668373465538, "eval": 5.928477382659912}, "6": {"elapsed_epoch_time": 27820.337063789368, "elapsed_training_time": 26275.078073501587, "elapsed_evaluation_time": 1545.2589902877808, "loss": 5.975780695676804, "eval": 5.914521408081055}, "7": {"elapsed_epoch_time": 32667.189382314682, "elapsed_training_time": 31061.26935505867, "elapsed_evaluation_time": 1605.920027256012, "loss": 5.97030109167099, "eval": 5.9071204662323}, "8": {"elapsed_epoch_time": 37567.045667886734, "elapsed_training_time": 35986.65288209915, "elapsed_evaluation_time": 1580.3927857875824, "loss": 5.9767185151577, "eval": 5.9192217826843265}, "9": {"elapsed_epoch_time": 42443.81983542442, "elapsed_training_time": 40773.98292350769, "elapsed_evaluation_time": 1669.8369119167328, "loss": 5.978212147951126, "eval": 5.939563179016114}, "10": {"elapsed_epoch_time": 47416.44716119766, "elapsed_training_time": 45807.03069233894, "elapsed_evaluation_time": 1609.4164688587189, "loss": 5.96529595553875, "eval": 5.913585996627807}, "11": {"elapsed_epoch_time": 52331.23603725433, "elapsed_training_time": 50792.84129238129, "elapsed_evaluation_time": 1538.3947448730469, "loss": 5.960430428385735, "eval": 5.946851778030395}, "12": {"elapsed_epoch_time": 57166.505252599716, "elapsed_training_time": 55602.55965805054, "elapsed_evaluation_time": 1563.945594549179, "loss": 5.96966253221035, "eval": 5.914986705780029}, "13": {"elapsed_epoch_time": 62038.59868502617, "elapsed_training_time": 60458.27826547623, "elapsed_evaluation_time": 1580.320419549942, "loss": 5.9760963916778564, "eval": 5.900470352172851}, "14": {"elapsed_epoch_time": 66922.56788539886, "elapsed_training_time": 65273.359362602234, "elapsed_evaluation_time": 1649.2085227966309, "loss": 5.969882220029831, "eval": 5.9135355949401855}, "15": {"elapsed_epoch_time": 71882.51814436913, "elapsed_training_time": 70315.73613214493, "elapsed_evaluation_time": 1566.7820122241974, "loss": 5.968123078346252, "eval": 5.913410711288452}, "16": {"elapsed_epoch_time": 76756.17495942116, "elapsed_training_time": 75189.49506306648, "elapsed_evaluation_time": 1566.6798963546753, "loss": 5.964557126164436, "eval": 5.922393751144409}, "17": {"elapsed_epoch_time": 81642.25692510605, "elapsed_training_time": 80005.11023211479, "elapsed_evaluation_time": 1637.1466929912567, "loss": 5.98932121694088, "eval": 5.901484060287475}, "18": {"elapsed_epoch_time": 86588.34005522728, "elapsed_training_time": 84984.61662912369, "elapsed_evaluation_time": 1603.723426103592, "loss": 5.975961253046989, "eval": 5.922784376144409}}}